Batch_ID,Medicine_ID,Batch_Date,Expiry_Date,Quantity_Received,Current_Stock,Supplier_ID,Location_ID
BAT00001,MED001,2025-03-30,2028-03-18,810,399,SUP002,LOC004
BAT00002,MED001,2024-08-23,2027-08-16,1080,709,SUP018,LOC003
BAT00003,MED001,2024-07-03,2027-06-27,1241,817,SUP015,LOC004
BAT00004,MED001,2024-09-12,2027-09-04,949,671,SUP008,LOC002
BAT00005,MED001,2024-06-27,2027-06-15,1254,320,SUP013,LOC003
BAT00006,MED001,2024-12-25,2027-12-19,1157,330,SUP017,LOC001
BAT00007,MED001,2024-11-03,2027-11-03,1026,359,SUP017,LOC003
BAT00008,MED002,2024-08-06,2027-07-31,1349,675,SUP006,LOC002
BAT00009,MED002,2024-11-16,2027-11-15,1295,668,SUP011,LOC001
BAT00010,MED002,2024-09-02,2027-08-31,1098,542,SUP015,LOC001
BAT00011,MED002,2024-11-26,2027-11-14,1222,598,SUP005,LOC001
BAT00012,MED002,2023-10-09,2026-09-27,987,541,SUP015,LOC003
BAT00013,MED002,2025-01-22,2028-01-11,1400,1014,SUP001,LOC002
BAT00014,MED002,2025-03-12,2028-03-05,1144,832,SUP013,LOC002
BAT00015,MED003,2024-10-07,2027-09-28,709,176,SUP015,LOC002
BAT00016,MED003,2025-01-12,2028-01-07,579,302,SUP008,LOC002
BAT00017,MED003,2023-12-14,2026-12-09,698,173,SUP008,LOC001
BAT00018,MED003,2024-09-05,2027-08-29,822,580,SUP015,LOC002
BAT00019,MED003,2023-09-19,2026-09-17,692,168,SUP013,LOC003
BAT00020,MED004,2024-11-16,2027-11-03,634,431,SUP010,LOC003
BAT00021,MED004,2025-03-03,2028-02-26,339,222,SUP011,LOC003
BAT00022,MED004,2024-12-22,2027-12-17,414,324,SUP003,LOC004
BAT00023,MED005,2024-11-18,2027-11-15,302,221,SUP005,LOC003
BAT00024,MED005,2023-10-12,2026-10-05,191,52,SUP017,LOC002
BAT00025,MED005,2024-08-15,2027-08-11,443,272,SUP009,LOC001
BAT00026,MED006,2024-06-27,2026-06-20,874,45,SUP013,LOC003
BAT00027,MED006,2024-12-04,2026-11-28,766,407,SUP004,LOC001
BAT00028,MED006,2024-09-23,2026-09-21,520,133,SUP011,LOC001
BAT00029,MED006,2024-05-10,2026-05-02,444,107,SUP006,LOC003
BAT00030,MED006,2025-04-23,2027-04-17,929,643,SUP009,LOC001
BAT00031,MED007,2024-09-02,2026-08-26,579,82,SUP010,LOC002
BAT00032,MED007,2024-11-12,2026-10-29,521,170,SUP006,LOC002
BAT00033,MED007,2024-12-22,2026-12-10,307,114,SUP006,LOC001
BAT00034,MED007,2024-10-14,2026-10-05,789,417,SUP013,LOC003
BAT00035,MED008,2024-11-25,2026-11-12,331,236,SUP005,LOC001
BAT00036,MED008,2025-04-18,2027-04-10,306,82,SUP007,LOC003
BAT00037,MED008,2025-02-18,2027-02-04,341,206,SUP017,LOC002
BAT00038,MED009,2024-09-28,2026-09-24,349,92,SUP008,LOC004
BAT00039,MED009,2025-03-30,2027-03-19,507,305,SUP003,LOC004
BAT00040,MED009,2024-10-27,2026-10-27,385,131,SUP014,LOC002
BAT00041,MED010,2024-08-09,2026-07-29,556,149,SUP018,LOC004
BAT00042,MED010,2025-02-04,2027-02-03,529,193,SUP015,LOC001
BAT00043,MED010,2024-08-15,2026-08-02,269,76,SUP018,LOC001
BAT00044,MED011,2024-07-26,2027-07-19,955,647,SUP010,LOC001
BAT00045,MED011,2025-01-21,2028-01-20,640,170,SUP006,LOC001
BAT00046,MED011,2024-10-31,2027-10-20,886,484,SUP011,LOC003
BAT00047,MED011,2023-10-25,2026-10-23,712,306,SUP002,LOC004
BAT00048,MED012,2024-12-09,2027-12-08,628,502,SUP009,LOC004
BAT00049,MED012,2023-11-19,2026-11-10,662,149,SUP016,LOC003
BAT00050,MED012,2025-03-24,2028-03-12,530,338,SUP008,LOC003
BAT00051,MED012,2024-08-09,2027-07-28,818,625,SUP016,LOC003
BAT00052,MED013,2025-04-25,2028-04-20,952,509,SUP015,LOC001
BAT00053,MED013,2024-07-30,2027-07-21,852,618,SUP006,LOC003
BAT00054,MED013,2024-12-04,2027-12-03,1273,906,SUP012,LOC002
BAT00055,MED013,2025-01-25,2028-01-22,810,351,SUP018,LOC003
BAT00056,MED013,2025-03-25,2028-03-17,836,479,SUP011,LOC004
BAT00057,MED013,2024-06-03,2027-06-01,956,254,SUP003,LOC001
BAT00058,MED014,2023-09-29,2026-09-18,680,114,SUP001,LOC001
BAT00059,MED014,2024-11-28,2027-11-20,765,290,SUP015,LOC002
BAT00060,MED014,2025-01-07,2027-12-27,744,397,SUP016,LOC001
BAT00061,MED014,2025-02-08,2028-02-05,602,252,SUP006,LOC002
BAT00062,MED015,2023-12-13,2026-12-06,779,353,SUP017,LOC001
BAT00063,MED015,2024-07-17,2027-07-04,657,346,SUP011,LOC003
BAT00064,MED015,2023-12-13,2026-11-30,856,214,SUP010,LOC002
BAT00065,MED016,2024-07-05,2027-06-29,381,230,SUP005,LOC003
BAT00066,MED016,2025-01-26,2028-01-20,218,152,SUP009,LOC001
BAT00067,MED016,2024-11-01,2027-10-27,386,157,SUP004,LOC002
BAT00068,MED017,2024-08-28,2027-08-17,598,185,SUP018,LOC002
BAT00069,MED017,2024-11-17,2027-11-09,391,304,SUP004,LOC003
BAT00070,MED017,2024-07-16,2027-07-05,268,145,SUP012,LOC003
BAT00071,MED018,2024-09-28,2026-09-18,646,51,SUP018,LOC001
BAT00072,MED018,2024-12-01,2026-11-24,377,138,SUP017,LOC001
BAT00073,MED018,2025-03-02,2027-02-18,399,90,SUP018,LOC003
BAT00074,MED018,2024-07-19,2026-07-18,585,159,SUP005,LOC001
BAT00075,MED019,2025-03-16,2028-03-07,226,95,SUP013,LOC002
BAT00076,MED019,2024-10-25,2027-10-12,133,84,SUP015,LOC003
BAT00077,MED020,2024-11-25,2026-11-24,136,35,SUP014,LOC003
BAT00078,MED020,2024-12-02,2026-11-29,249,147,SUP013,LOC004
BAT00079,MED021,2024-09-15,2027-09-11,1028,383,SUP006,LOC001
BAT00080,MED021,2025-03-06,2028-03-04,1182,670,SUP017,LOC002
BAT00081,MED021,2025-02-27,2028-02-19,976,463,SUP012,LOC003
BAT00082,MED021,2024-11-10,2027-11-01,1052,403,SUP018,LOC004
BAT00083,MED021,2025-01-24,2028-01-12,910,460,SUP009,LOC001
BAT00084,MED021,2024-10-02,2027-09-24,799,219,SUP001,LOC004
BAT00085,MED022,2024-05-18,2027-05-12,905,504,SUP010,LOC001
BAT00086,MED022,2024-06-05,2027-05-28,800,340,SUP002,LOC004
BAT00087,MED022,2023-12-03,2026-11-18,973,586,SUP003,LOC003
BAT00088,MED022,2023-12-17,2026-12-13,894,504,SUP005,LOC001
BAT00089,MED022,2024-07-14,2027-07-12,850,464,SUP017,LOC003
BAT00090,MED023,2025-04-18,2028-04-15,334,243,SUP001,LOC003
BAT00091,MED023,2023-12-01,2026-11-18,694,519,SUP003,LOC004
BAT00092,MED023,2023-12-14,2026-12-07,527,218,SUP004,LOC001
BAT00093,MED024,2024-10-19,2027-10-08,334,141,SUP009,LOC004
BAT00094,MED024,2025-03-07,2028-03-06,782,325,SUP004,LOC003
BAT00095,MED024,2023-09-23,2026-09-13,285,32,SUP004,LOC001
BAT00096,MED025,2023-10-07,2026-09-25,775,52,SUP004,LOC004
BAT00097,MED025,2024-10-18,2027-10-07,1051,721,SUP009,LOC002
BAT00098,MED025,2025-03-10,2028-03-01,820,286,SUP006,LOC003
BAT00099,MED025,2024-11-23,2027-11-09,1139,343,SUP013,LOC002
BAT00100,MED025,2023-10-04,2026-09-19,748,177,SUP006,LOC001
BAT00101,MED025,2024-07-23,2027-07-14,644,266,SUP003,LOC002
BAT00102,MED026,2024-12-05,2027-11-21,717,520,SUP011,LOC001
BAT00103,MED026,2024-11-11,2027-11-04,701,449,SUP007,LOC002
BAT00104,MED026,2024-10-10,2027-10-02,710,511,SUP012,LOC001
BAT00105,MED026,2024-12-29,2027-12-21,789,502,SUP010,LOC003
BAT00106,MED026,2024-12-23,2027-12-11,750,307,SUP014,LOC004
BAT00107,MED027,2024-08-10,2027-08-03,743,203,SUP010,LOC001
BAT00108,MED027,2023-12-09,2026-12-07,606,414,SUP006,LOC001
BAT00109,MED027,2024-08-11,2027-08-07,440,214,SUP008,LOC001
BAT00110,MED027,2024-07-08,2027-07-02,439,173,SUP007,LOC003
BAT00111,MED028,2024-10-31,2027-10-26,788,195,SUP009,LOC004
BAT00112,MED028,2024-07-28,2027-07-17,880,393,SUP013,LOC002
BAT00113,MED028,2025-01-01,2028-01-01,770,503,SUP009,LOC002
BAT00114,MED028,2025-03-04,2028-02-26,742,325,SUP016,LOC002
BAT00115,MED028,2024-07-17,2027-07-03,1070,658,SUP016,LOC002
BAT00116,MED028,2024-12-11,2027-11-29,816,191,SUP014,LOC002
BAT00117,MED029,2025-01-11,2028-01-09,739,420,SUP012,LOC001
BAT00118,MED029,2025-02-07,2028-02-05,539,217,SUP009,LOC002
BAT00119,MED029,2025-01-25,2028-01-22,614,483,SUP011,LOC003
BAT00120,MED029,2023-12-09,2026-11-28,742,422,SUP007,LOC002
BAT00121,MED030,2024-05-31,2027-05-19,529,155,SUP013,LOC003
BAT00122,MED030,2024-06-29,2027-06-23,367,164,SUP017,LOC004
BAT00123,MED030,2024-10-04,2027-09-27,588,319,SUP001,LOC001
BAT00124,MED030,2024-12-09,2027-11-30,645,166,SUP012,LOC001
BAT00125,MED031,2025-01-28,2028-01-28,555,170,SUP008,LOC002
BAT00126,MED031,2025-01-11,2028-01-03,784,481,SUP001,LOC003
BAT00127,MED031,2024-08-18,2027-08-04,809,392,SUP018,LOC002
BAT00128,MED031,2024-07-31,2027-07-24,608,314,SUP013,LOC003
BAT00129,MED032,2025-04-05,2027-04-04,466,202,SUP012,LOC002
BAT00130,MED032,2024-10-14,2026-10-08,688,418,SUP018,LOC001
BAT00131,MED032,2024-05-17,2026-05-06,374,91,SUP006,LOC001
BAT00132,MED033,2025-04-17,2027-04-03,80,22,SUP009,LOC002
BAT00133,MED033,2025-02-03,2027-01-28,127,34,SUP004,LOC001
BAT00134,MED034,2024-10-14,2026-10-11,89,28,SUP017,LOC001
BAT00135,MED034,2024-12-27,2026-12-17,212,50,SUP012,LOC003
BAT00136,MED034,2024-07-27,2026-07-16,239,14,SUP014,LOC001
BAT00137,MED035,2025-03-26,2027-03-17,238,85,SUP018,LOC001
BAT00138,MED035,2024-10-28,2026-10-21,515,185,SUP001,LOC004
BAT00139,MED035,2025-01-30,2027-01-27,268,140,SUP015,LOC002
BAT00140,MED036,2024-06-28,2027-06-18,406,218,SUP011,LOC001
BAT00141,MED036,2023-11-25,2026-11-19,720,476,SUP008,LOC003
BAT00142,MED036,2024-07-15,2027-07-06,519,222,SUP006,LOC001
BAT00143,MED037,2025-02-23,2028-02-09,378,239,SUP002,LOC003
BAT00144,MED037,2023-11-01,2026-10-30,515,335,SUP007,LOC001
BAT00145,MED037,2024-10-14,2027-10-14,388,179,SUP016,LOC003
BAT00146,MED038,2024-12-29,2027-12-16,277,156,SUP018,LOC002
BAT00147,MED038,2024-12-28,2027-12-15,251,169,SUP017,LOC001
BAT00148,MED038,2024-06-08,2027-05-25,225,74,SUP014,LOC003
BAT00149,MED039,2024-06-28,2027-06-25,487,147,SUP007,LOC001
BAT00150,MED039,2024-06-21,2027-06-21,547,385,SUP011,LOC003
BAT00151,MED039,2024-06-26,2027-06-19,363,289,SUP005,LOC003
BAT00152,MED040,2024-07-12,2027-07-08,534,324,SUP015,LOC002
BAT00153,MED040,2024-11-29,2027-11-20,458,155,SUP017,LOC002
BAT00154,MED040,2023-12-25,2026-12-20,190,60,SUP001,LOC001
BAT00155,MED041,2024-05-12,2025-05-06,177,12,SUP001,LOC001
BAT00156,MED041,2025-04-13,2026-04-02,168,24,SUP002,LOC001
BAT00157,MED042,2025-10-08,2026-10-07,119,88,SUP003,LOC004
BAT00158,MED042,2025-05-01,2026-05-01,175,12,SUP006,LOC003
BAT00159,MED043,2025-02-08,2027-02-04,637,141,SUP016,LOC002
BAT00160,MED043,2024-08-29,2026-08-18,276,71,SUP006,LOC001
BAT00161,MED043,2024-06-24,2026-06-14,472,84,SUP006,LOC001
BAT00162,MED044,2025-03-13,2027-03-12,98,55,SUP001,LOC001
BAT00163,MED044,2024-08-20,2026-08-11,80,8,SUP005,LOC002
BAT00164,MED044,2024-10-01,2026-09-24,397,85,SUP001,LOC003
BAT00165,MED045,2024-06-13,2026-06-02,291,25,SUP005,LOC001
BAT00166,MED045,2024-06-05,2026-05-22,304,46,SUP011,LOC002
BAT00167,MED045,2025-03-09,2027-03-05,522,376,SUP006,LOC003
BAT00168,MED046,2023-10-23,2026-10-10,336,115,SUP001,LOC002
BAT00169,MED046,2024-08-22,2027-08-20,515,332,SUP006,LOC003
BAT00170,MED046,2024-08-09,2027-08-08,353,102,SUP017,LOC001
BAT00171,MED047,2024-09-02,2026-08-23,209,18,SUP003,LOC002
BAT00172,MED047,2024-05-09,2026-04-26,218,35,SUP001,LOC003
BAT00173,MED048,2024-10-07,2026-09-24,195,36,SUP003,LOC002
BAT00174,MED048,2024-09-20,2026-09-10,271,61,SUP001,LOC001
BAT00175,MED049,2024-09-19,2026-09-11,222,51,SUP016,LOC001
BAT00176,MED049,2024-06-21,2026-06-12,269,23,SUP011,LOC002
BAT00177,MED050,2024-10-22,2026-10-12,171,88,SUP013,LOC003
BAT00178,MED050,2024-11-01,2026-11-01,146,59,SUP015,LOC002
BAT00179,MED051,2024-05-28,2026-05-27,471,118,SUP003,LOC002
BAT00180,MED051,2024-08-29,2026-08-24,270,70,SUP018,LOC001
BAT00181,MED051,2024-12-29,2026-12-22,416,92,SUP012,LOC004
BAT00182,MED052,2024-12-16,2027-12-15,435,218,SUP014,LOC003
BAT00183,MED052,2024-11-23,2027-11-22,170,127,SUP016,LOC004
BAT00184,MED053,2024-07-18,2027-07-18,483,183,SUP004,LOC001
BAT00185,MED053,2024-05-11,2027-05-06,267,63,SUP012,LOC004
BAT00186,MED054,2024-12-10,2027-12-05,460,284,SUP011,LOC002
BAT00187,MED054,2024-10-06,2027-09-22,364,194,SUP007,LOC001
BAT00188,MED054,2024-12-17,2027-12-06,80,45,SUP003,LOC003
BAT00189,MED055,2025-04-23,2027-04-09,228,176,SUP009,LOC001
BAT00190,MED055,2024-08-03,2026-07-29,159,38,SUP006,LOC001
BAT00191,MED056,2025-04-11,2026-04-04,183,43,SUP001,LOC001
BAT00192,MED056,2025-11-02,2026-10-30,178,62,SUP005,LOC001
BAT00193,MED057,2024-07-27,2025-07-14,194,13,SUP007,LOC004
BAT00194,MED058,2024-05-23,2026-05-09,80,15,SUP006,LOC001
BAT00195,MED058,2024-08-07,2026-07-29,173,4,SUP002,LOC001
BAT00196,MED059,2025-01-30,2027-01-29,283,174,SUP016,LOC003
BAT00197,MED059,2024-06-30,2026-06-25,439,108,SUP001,LOC003
BAT00198,MED060,2023-12-22,2026-12-18,659,221,SUP017,LOC001
BAT00199,MED060,2025-02-26,2028-02-14,562,290,SUP002,LOC002
BAT00200,MED060,2024-11-21,2027-11-08,515,146,SUP013,LOC004
