Supplier_ID,Supplier_Name,City,State
SUP001,Apollo MedSupply Pvt Ltd,Mumbai,Maharashtra
SUP002,MedPlus Wholesale,Hyderabad,Telangana
SUP003,CureLine Distributors,Pune,Maharashtra
SUP004,LifeCare Pharma Supply,Ahmedabad,Gujarat
SUP005,PrimeMed Distributors,Bengaluru,Karnataka
SUP006,WellSpring Healthcare Supply,Delhi,Delhi
SUP007,Aarogya MedTrade,Nashik,Maharashtra
SUP008,NovaRx Distributors,Chennai,Tamil Nadu
SUP009,HealthBridge Pharma,Kolkata,West Bengal
SUP010,MediSource India,Surat,Gujarat
SUP011,CareFirst Pharma Logistics,Nagpur,Maharashtra
SUP012,Zenith Med Distributors,Jaipur,Rajasthan
SUP013,TrustMed Healthcare,Lucknow,Uttar Pradesh
SUP014,BlueCross Pharma Supply,Bhopal,Madhya Pradesh
SUP015,RapidCare Distributors,Thane,Maharashtra
SUP016,MedAxis Wholesale,Kochi,Kerala
SUP017,VitalLink Pharma,Indore,Madhya Pradesh
SUP018,SafeDose Distributors,Vadodara,Gujarat
